# 三、多表查询

## 1.SQL92语法

- 1992年推出的一套标准的SQL语言，到目前为止还可以继续使用

```sql
-----使用表的别名区分不同的字段名---标准写法---
select 
	e.empno,e.ename,e.job,e.mgr,e.hiredate,e.sal,e.comm,e.deptno,
	d.deptno,d.dname,d.loc
from 
	emp e,dept d;
```

以上输出，不正确，输出了 56 条数据，其实就是两个表记录的乘积，这种情况我们称为：**“笛卡儿乘积”**，出现错误的原因是：**没有指定连接条件**

```sql
-----使用表的别名区分不同的字段名---标准写法---排除笛卡尔积--------
select 
	e.empno,e.ename,e.job,e.mgr,e.hiredate,e.sal,e.comm,e.deptno,
	d.deptno,d.dname,d.loc
from 
	emp e,dept d
where 
	e.deptno = d.deptno;
```

![image-20231009160100725](https://cdn.jsdelivr.net/gh/studio-hu/drawingBed/img/202310091601769.png)

## 2.SQL99语法

- 1999年推出的一套最新的标准的SQL语言；在sql语言中新增了很多的关键字，利用这些关键字提高代码的执行效率。

### Ⅰ.内连接

> **表 1 inner join 表 2 on 关联条件**

- 做连接查询的时候一定要写上关联条件

- **inner 可以省略**

- 关键字：

  inner join (用来连接两张表，替换92语法中的逗号,inner 可以省略)

  on (和where类似，专门用于多表查询中排除笛卡尔的现象)

#### （1）等值链接查询

```sql
-------------------------等值链接查询---------------------------
select 
	e.empno,e.ename,e.job,e.mgr,e.hiredate,e.sal,e.comm,e.deptno,
	d.deptno,d.dname,d.loc
from 
	emp e 
	inner join 
	dept d
	on
	e.deptno = d.deptno;#排除笛卡尔使用的符号是=,此种查询统称为等值链接查询	
```

![image-20231009191828269](https://cdn.jsdelivr.net/gh/studio-hu/drawingBed/img/202310091918314.png)

#### （2）非等值链接查询

```sql
-------------------------非等值链接查询---------------------------
-----排除笛卡尔使用的符号是其他符号,此种查询统称为非等值链接查询-------
select 
	e.empno,e.ename,e.job,e.mgr,e.hiredate,e.sal,e.comm,e.deptno,
	s.grade,s.losal,s.hisal
from 
	emp e 
	join 
	salgrade s
	on
	#e.sal between s.losal and s.hisal;
	e.sal >= s.losal and e.sal <= s.hisal;
```

![image-20231009192043798](https://cdn.jsdelivr.net/gh/studio-hu/drawingBed/img/202310091920837.png)

#### （3）自连接查询

```sql
-------------------------自连接查询---------------------------
------------使用的语句是多表查询，但是表只有一张-----------------
需求：查询每个员工的员工编号，员工姓名以及对应的领导编号，领导姓名

mysql> select * from emp;#员工表 e1
+-------+--------+-----------+------+------------+---------+---------+--------+
| EMPNO | ENAME  | JOB       | MGR  | HIREDATE   | SAL     | COMM    | DEPTNO |
+-------+--------+-----------+------+------------+---------+---------+--------+
|  7369 | SMITH  | CLERK     | 7902 | 1980-12-17 |  800.00 |    NULL |     20 |
|  7499 | ALLEN  | SALESMAN  | 7698 | 1981-02-20 | 1600.00 |  300.00 |     30 |
|  7521 | WARD   | SALESMAN  | 7698 | 1981-02-22 | 1250.00 |  500.00 |     30 |
|  7566 | JONES  | MANAGER   | 7839 | 1981-04-02 | 2975.00 |    NULL |     20 |
|  7654 | MARTIN | SALESMAN  | 7698 | 1981-09-28 | 1250.00 | 1400.00 |     30 |
|  7698 | BLAKE  | MANAGER   | 7839 | 1981-05-01 | 2850.00 |    NULL |     30 |
|  7782 | CLARK  | MANAGER   | 7839 | 1981-06-09 | 2450.00 |    NULL |     10 |
|  7788 | SCOTT  | ANALYST   | 7566 | 1987-04-19 | 3000.00 |    NULL |     20 |
|  7839 | KING   | PRESIDENT | NULL | 1981-11-17 | 5000.00 |    NULL |     10 |
|  7844 | TURNER | SALESMAN  | 7698 | 1981-09-08 | 1500.00 |    0.00 |     30 |
|  7876 | ADAMS  | CLERK     | 7788 | 1987-05-23 | 1100.00 |    NULL |     20 |
|  7900 | JAMES  | CLERK     | 7698 | 1981-12-03 |  950.00 |    NULL |     30 |
|  7902 | FORD   | ANALYST   | 7566 | 1981-12-03 | 3000.00 |    NULL |     20 |
|  7934 | MILLER | CLERK     | 7782 | 1982-01-23 | 1300.00 |    NULL |     10 |
+-------+--------+-----------+------+------------+---------+---------+--------+
14 rows in set (0.00 sec)
mysql> select * from emp;#领导表 e2
+-------+--------+-----------+------+------------+---------+---------+--------+
| EMPNO | ENAME  | JOB       | MGR  | HIREDATE   | SAL     | COMM    | DEPTNO |
+-------+--------+-----------+------+------------+---------+---------+--------+
|  7369 | SMITH  | CLERK     | 7902 | 1980-12-17 |  800.00 |    NULL |     20 |
|  7499 | ALLEN  | SALESMAN  | 7698 | 1981-02-20 | 1600.00 |  300.00 |     30 |
|  7521 | WARD   | SALESMAN  | 7698 | 1981-02-22 | 1250.00 |  500.00 |     30 |
|  7566 | JONES  | MANAGER   | 7839 | 1981-04-02 | 2975.00 |    NULL |     20 |
|  7654 | MARTIN | SALESMAN  | 7698 | 1981-09-28 | 1250.00 | 1400.00 |     30 |
|  7698 | BLAKE  | MANAGER   | 7839 | 1981-05-01 | 2850.00 |    NULL |     30 |
|  7782 | CLARK  | MANAGER   | 7839 | 1981-06-09 | 2450.00 |    NULL |     10 |
|  7788 | SCOTT  | ANALYST   | 7566 | 1987-04-19 | 3000.00 |    NULL |     20 |
|  7839 | KING   | PRESIDENT | NULL | 1981-11-17 | 5000.00 |    NULL |     10 |
|  7844 | TURNER | SALESMAN  | 7698 | 1981-09-08 | 1500.00 |    0.00 |     30 |
|  7876 | ADAMS  | CLERK     | 7788 | 1987-05-23 | 1100.00 |    NULL |     20 |
|  7900 | JAMES  | CLERK     | 7698 | 1981-12-03 |  950.00 |    NULL |     30 |
|  7902 | FORD   | ANALYST   | 7566 | 1981-12-03 | 3000.00 |    NULL |     20 |
|  7934 | MILLER | CLERK     | 7782 | 1982-01-23 | 1300.00 |    NULL |     10 |
+-------+--------+-----------+------+------------+---------+---------+--------+
14 rows in set (0.00 sec)
						
select 
	e1.empno '员工编号',e1.ename '员工姓名',
	e2.empno '领导编号',e2.ename '领导姓名'
from 
	emp e1
	join
	emp e2
	on
	e1.mgr = e2.empno;
```

![image-20231009192218353](https://cdn.jsdelivr.net/gh/studio-hu/drawingBed/img/202310091922387.png)

### Ⅱ.外连接查询

**左外连接**

> **表 1 left outer join 表 2 on 关联条件**

- left outer join 用来连接两张表，其中outer可以省略，on 用来排除笛卡尔积现象(不能省略，不能被替换)

- 查询规则：

  会查询出来左表的所有数据(忽略on之后条件)，以及右表中符合条件的数据

```sql
select 
	e.empno,e.ename,e.job,e.mgr,e.hiredate,e.sal,e.comm,e.deptno,
	d.deptno,d.dname,d.loc
from 
	emp e #左表
	left outer join 
	dept d #右表
	on
	e.deptno = d.deptno;
```

![image-20231009194042099](https://cdn.jsdelivr.net/gh/studio-hu/drawingBed/img/202310091940151.png)

**右外连接**

> **表 1 right outer join 表 2 on 关联条件**

- right outer join 用来连接两张表，其中outer可以省略，on 用来排除笛卡尔积现象(不能省略，不能被替换)

- 查询规则：

  会查询出来右表的所有数据(忽略on之后条件)，以及左表中符合条件的数据

```sql
select 
	e.empno,e.ename,e.job,e.mgr,e.hiredate,e.sal,e.comm,e.deptno,
	d.deptno,d.dname,d.loc
from 
	emp e #左表
	right outer join 
	dept d #右表
	on
	e.deptno = d.deptno;
```

![image-20231009194223191](https://cdn.jsdelivr.net/gh/studio-hu/drawingBed/img/202310091942233.png)

**如何区分左右表：**

- 如果sql语句没有换行，关键字左边的就是左表(主表)，右边的就是右边(从表)

- 如果sql语句换行了，关键字上边的就是左表(主表)，下边的就是右边(从表)

**左外连接（左连接）和右外连接（右连接）的区别：**

- 左连接以左面的表为准和右边的表比较，和左表相等的不相等都会显示出来，右表符合条件的显示,不符合条件的不显示，右连接恰恰相反

### Ⅲ.全外连接查询

** 注意：mysql数据库不支持全外连接查询(查询所有的数据)**

但是可以使用**左外连接 + 右外连接 + 去重重复项**实现

MySQL的union操作默认会去重,如果你希望保留重复的数据，就可以使用union all

```sql
select 
	e.empno,e.ename,e.job,e.mgr,e.hiredate,e.sal,e.comm,e.deptno,
	d.deptno,d.dname,d.loc
from 
	emp e #左表
	left outer join 
	dept d #右表
	on
	e.deptno = d.deptno							
union #链接多个查询语句组成一个整体，去除重复选项						
select 
	e.empno,e.ename,e.job,e.mgr,e.hiredate,e.sal,e.comm,e.deptno,
	d.deptno,d.dname,d.loc
from 
	emp e #左表
	right outer join 
	dept d #右表
	on
	e.deptno = d.deptno;
```

## 3.编写顺序

```sql
select 
	不同表的字段名称,*,聚合函数,单行处理函数(可以在任意位置),别名,子查询					
from 
	表名1 别名1
	join(内连接)/left join(左外连接)/right join(右外连接)
	表名2 别名2
	on
	14个条件(目的是排除笛卡尔积)	
					
	join(内连接)/left join(左外连接)/right join(右外连接)
	表名3 别名3
	on
	14个条件(目的是排除笛卡尔积)
	......					
	子查询
where 
	14个条件,子查询
group by 
	分组字段名(任何一张表的字段)
having 
	14个条件,聚合函数
order by 
	desc/asc,聚合函数
limit 分页查询;
```



## 4.执行顺序

```sql
from
	on			
	join
where		
group by		
having		
select		
order by 	
limit
```

