# 四、子查询

- 一条查询语句嵌套另一条查询语句的写法，对于被嵌套那条查询语句称之为是子查询
- 子查询就是嵌套的 select 语句，可以理解为子查询是一张表

## 1.**在** **where** 语句中使用子查询

在where语句中加入select 语句,子查询的结果全部都是作为条件来使用

```sql
需求:查询比平均工资高的人员信息？
	第一步:平均工资?
	mysql> select avg(sal) from emp;
+-------------+
| avg(sal)    |
+-------------+
| 2073.214286 |
+-------------+
1 row in set (0.00 sec)
第二步:结果
select 
	*
from 
	emp 
where 
	sal > (select avg(sal) from emp);#子查询需要先执行				
+-------+-------+-----------+------+------------+---------+------+--------+
| EMPNO | ENAME | JOB       | MGR  | HIREDATE   | SAL     | COMM | DEPTNO |
+-------+-------+-----------+------+------------+---------+------+--------+
|  7566 | JONES | MANAGER   | 7839 | 1981-04-02 | 2975.00 | NULL |     20 |
|  7698 | BLAKE | MANAGER   | 7839 | 1981-05-01 | 2850.00 | NULL |     30 |
|  7782 | CLARK | MANAGER   | 7839 | 1981-06-09 | 2450.00 | NULL |     10 |
|  7788 | SCOTT | ANALYST   | 7566 | 1987-04-19 | 3000.00 | NULL |     20 |
|  7839 | KING  | PRESIDENT | NULL | 1981-11-17 | 5000.00 | NULL |     10 |
|  7902 | FORD  | ANALYST   | 7566 | 1981-12-03 | 3000.00 | NULL |     20 |
+-------+-------+-----------+------+------------+---------+------+--------+
6 rows in set (0.00 sec)
```



## 2.**在** **from** 语句中使用子查询

子查询的结果是作为一张临时表来使用，可以将该子查询看做一张表

```sql
第一步:
	select
		job,avg(sal) 'avg_sal'
	from 
		emp 
	group by
		job;
	+-----------+-------------+
	| job       | avg_sal     |
	+-----------+-------------+
	| ANALYST   | 3000.000000 |
	| CLERK     | 1037.500000 |
	| MANAGER   | 2758.333333 |
	| PRESIDENT | 5000.000000 |
	| SALESMAN  | 1400.000000 |
	+-----------+-------------+
	5 rows in set (0.00 sec)    表t
				
第二步:
	select 
		t.job,t.avg_sal,
		s.grade,s.losal,s.hisal
	from
		(select
			job,avg(sal) 'avg_sal'
		from 
			emp 
		group by
			job) t
		join
		salgrade s
		on
		t.avg_sal between s.losal and s.hisal;
	+-----------+-------------+-------+-------+-------+
	| job       | avg_sal     | grade | losal | hisal |
	+-----------+-------------+-------+-------+-------+
	| CLERK     | 1037.500000 |     1 |   700 |  1200 |
	| SALESMAN  | 1400.000000 |     2 |  1201 |  1400 |
	| ANALYST   | 3000.000000 |     4 |  2001 |  3000 |
	| MANAGER   | 2758.333333 |     4 |  2001 |  3000 |
	| PRESIDENT | 5000.000000 |     5 |  3001 |  9999 |
	+-----------+-------------+-------+-------+-------+
	5 rows in set (0.00 sec)
```



## 3.**在** **select** 语句中使用子查询

子查询的结果是作为最终的数据直接输出的

```sql
需求:查询员工姓名，员工工资，部门名称？
	select 
		ename,sal,(select dname from dept d where e.deptno =  d.deptno) 'dname' 
	from
		emp e;
			
	+--------+---------+------------+
	| ename  | sal     | dname      |
	+--------+---------+------------+
	| SMITH  |  800.00 | RESEARCH   |
	| ALLEN  | 1600.00 | SALES      |
	| WARD   | 1250.00 | SALES      |
	| JONES  | 2975.00 | RESEARCH   |
	| MARTIN | 1250.00 | SALES      |
	| BLAKE  | 2850.00 | SALES      |
	| CLARK  | 2450.00 | ACCOUNTING |
	| SCOTT  | 3000.00 | RESEARCH   |
	| KING   | 5000.00 | ACCOUNTING |
	| TURNER | 1500.00 | SALES      |
	| ADAMS  | 1100.00 | RESEARCH   |
	| JAMES  |  950.00 | NULL       |
	| FORD   | 3000.00 | RESEARCH   |
	| MILLER | 1300.00 | ACCOUNTING |
	+--------+---------+------------+
	14 rows in set (0.00 sec)
				
```

可以使用关联查询实现，关联查询结构更清晰

```sql
	----关联查询----
	select 
		e.ename,e.sal,d.dname
	from
		emp e
		join
		dept d
		on
		e.deptno =  d.deptno;
```

